{"cameraMode":{"drawMode":0,"name":"Shaded","section":"Shading Mode"},"sceneLighting":true,"audioPlay":false,"sceneViewState":{"m_AlwaysRefresh":false,"showFog":true,"showSkybox":true,"showFlares":true,"showImageEffects":true,"showParticleSystems":true,"showVisualEffectGraphs":true,"m_FxEnabled":true},"in2DMode":false,"pivot":{"x":447.4809265136719,"y":122.94841766357422,"z":63.688907623291019},"rotation":{"x":0.07547534257173538,"y":0.15671545267105103,"z":-0.012027104385197163,"w":0.9847118854522705},"size":2.4746875762939455,"orthographic":false}