{"cameraMode":{"drawMode":0,"name":"Shaded","section":"Shading Mode"},"sceneLighting":true,"audioPlay":false,"sceneViewState":{"m_AlwaysRefresh":false,"showFog":true,"showSkybox":true,"showFlares":true,"showImageEffects":true,"showParticleSystems":true,"showVisualEffectGraphs":true,"m_FxEnabled":true},"in2DMode":false,"pivot":{"x":446.8200988769531,"y":125.13414764404297,"z":45.32339859008789},"rotation":{"x":0.07594946771860123,"y":-0.11161632090806961,"z":0.00853685475885868,"w":0.9908385872840881},"size":2.4746875762939455,"orthographic":false}